Rank,Title,Genre,Number_of_season,Number_of_episodes,Type,Actors,Creators,Origin,Language,Certification,Rating
1,Planet Earth II,[' Documentary'],1,6 episodes,"TV Mini-Series (2016)
",[' David Attenborough\n'],[],['UK'],English,,9.5
2,Planète Terre,[' Documentary'],1,11 episodes,"TV Mini-Series (2006)
","[' David Attenborough\n', ' Sigourney Weaver\n', ' Thomas Anguti Johnston\n']",[],['UK'],English,Tous publics,9.4
3,Frères d'armes,"[' Action', ' Drama', ' History', ' War']",1,10 episodes,"TV Mini-Series (2001)
","[' Scott Grimes\n', ' Damian Lewis\n', ' Ron Livingston\n', ' Shane Taylor\n', ' Donnie Wahlberg\n', ' Peter Youngblood Hills\n', ' Matthew Leitch\n', ' Rod Strohl\n', ' Nicholas Aaron\n', ' Philip Barantini\n', ' Michael Cudlitz\n', ' Dexter Fletcher\n', ' Rick Gomez\n', ' James Madio\n', ' Ross McCall\n', ' Doug Allen\n', ' George Calil\n', ' Nolan Hemmings\n', ' Robin Laing\n', ' Neal McDonough\n', ' Rick Warden\n', ' Dale Dye\n', ' Michael Fassbender\n', ' Frank John Hughes\n', ' Tim Matthews\n', ' Rene L. Moreno\n', ' Douglas Spain\n', ' Richard Speight Jr.\n', ' Kirk Acevedo\n', ' Eion Bailey\n', ' Craig Heaney\n', ' Peter McCabe\n', ' Matthew Settle\n', ' Ben Caplan\n', ' Mark Huberman\n', ' Phil McKee\n']",[],"['USA', 'UK']",Lithuanian,Tous publics,9.4
4,Breaking Bad,"[' Crime', ' Drama', ' Thriller']",5,62 episodes,"TV Series (2008–2013)
","[' Bryan Cranston\n', ' Anna Gunn\n', ' Aaron Paul\n', ' Betsy Brandt\n', ' RJ Mitte\n', ' Dean Norris\n', ' Bob Odenkirk\n', ' Steven Michael Quezada\n', ' Jonathan Banks\n', ' Giancarlo Esposito\n']",['Vince Gilligan'],['USA'],Spanish,Tous publics,9.5
5,Chernobyl,"[' Drama', ' History', ' Thriller']",1,5 episodes,"TV Mini-Series (2019)
","[' Jessie Buckley\n', ' Jared Harris\n', ' Stellan Skarsgård\n', ' Adam Nagaitis\n', ' Emily Watson\n', ' Paul Ritter\n', ' Robert Emms\n', ' Sam Troughton\n', ' Karl Davies\n', ' Michael Socha\n', ' Laura Elphinstone\n', ' Jan Ricica\n', ' Adrian Rawlins\n', ' Alan Williams\n', "" Con O'Neill\n"", ' Douggie McMeekin\n', ' Nadia Clifford\n', ' David Dencik\n', ' Gerard Kearns\n', ' Mark Lewis Jones\n', ' Adam Lundgren\n', ' Michael Shaeffer\n', ' Jamie Sives\n', ' Ron Cook\n', ' Povilas Jatkevicius\n', ' Jay Simpson\n', ' Joshua Leese\n', ' Ross Armstrong\n', ' Paulius Markevicius\n', ' Billy Postlethwaite\n', ' Ralph Ineson\n', ' Baltasar Breki Samper\n', ' Barry Keoghan\n', ' Philip Barantini\n', ' Amanda Drew\n', ' Oscar Dyekjær Giese\n', ' Karolis Kasperavicius\n', ' Cait Davis\n', ' Darius Petkevicius\n', ' Donald Sumpter\n', ' Tomas Zaibus\n']",['Craig Mazin'],"['USA', 'UK']",English,12,9.4
6,Sur écoute,"[' Crime', ' Drama', ' Thriller']",5,60 episodes,"TV Series (2002–2008)
","[' Dominic West\n', ' John Doman\n', ' Deirdre Lovejoy\n', ' Wendell Pierce\n', ' Lance Reddick\n', ' Sonja Sohn\n', ' Seth Gilliam\n', ' Domenick Lombardozzi\n', ' Clarke Peters\n', ' Andre Royo\n', ' Michael Kenneth Williams\n', ' Jim True-Frost\n', ' Frankie Faison\n', ' Corey Parker Robinson\n', ' Delaney Williams\n', ' J.D. Williams\n', ' Wood Harris\n', ' Idris Elba\n', ' Aidan Gillen\n', ' Jamie Hector\n', ' Gbenga Akinnagbe\n', ' Robert Wisdom\n', ' Anwan Glover\n', ' Felicia Pearson\n', ' Chad L. Coleman\n', ' Tray Chaney\n', ' Michael Kostroff\n', ' Isiah Whitlock Jr.\n', ' Robert F. Chew\n', ' Michael Salconi\n']",['David Simon'],['USA'],Spanish,Tous publics,9.3
7,Blue Planet II,[' Documentary'],1,8 episodes,"TV Mini-Series (2017–2018)
","[' David Attenborough\n', ' Peter Drost\n']",[],['UK'],English,,9.3
8,Notre planète,[' Documentary'],1,8 episodes,"TV Mini-Series (2019)
",[' David Attenborough\n'],[],"['USA', 'UK']",English,7,9.3
9,Cosmos: Une odyssée à travers l'univers,[' Documentary'],1,13 episodes,"TV Series (2014)
",[' Neil deGrasse Tyson\n'],[],['USA'],English,Tous publics,9.3
10,Game of Thrones,"[' Action', ' Adventure', ' Drama', ' Fantasy', ' Romance']",8,73 episodes,"TV Series (2011–2019)
","[' Peter Dinklage\n', ' Lena Headey\n', ' Emilia Clarke\n', ' Kit Harington\n', ' Sophie Turner\n', ' Maisie Williams\n', ' Nikolaj Coster-Waldau\n', ' Iain Glen\n', ' John Bradley\n', ' Alfie Allen\n', ' Conleth Hill\n', ' Liam Cunningham\n', ' Gwendoline Christie\n', ' Aidan Gillen\n', ' Isaac Hempstead Wright\n', ' Rory McCann\n', ' Nathalie Emmanuel\n', ' Jerome Flynn\n', ' Daniel Portman\n', ' Jacob Anderson\n', ' Ben Crompton\n', ' Kristofer Hivju\n', ' Julian Glover\n', ' Carice van Houten\n', ' Charles Dance\n', ' Hannah Murray\n']","['David Benioff', 'D.B. Weiss']","['USA', 'UK']",English,12,9.3
11,Cosmos,[' Documentary'],1,13 episodes,"TV Series (1980)
","[' Carl Sagan\n', ' Jaromír Hanzlík\n', ' Jonathan Fahn\n', ' Alan Belod\n', ' Jean Charney\n', ' Bill Grant\n', ' Bob Hevelone\n', ' Ronald A. Hilbert\n', ' Victor C. John\n', "" Arthur 'Lonne' Lane\n"", ' Linda Morabito\n', ' Larry Soderblom\n', ' Cecilia White\n']","['Ann Druyan', 'Carl Sagan', 'Steven Soter']","['USA', 'UK']",English,,9.3
12,The Last Dance,"[' Documentary', ' Biography', ' History', ' Sport']",1,10 episodes,"TV Mini-Series (2020)
","[' Phil Jackson\n', ' Michael Jordan\n', ' David Aldridge\n', ' Scottie Pippen\n', ' Steve Kerr\n', ' Michael Wilbon\n', ' Deloris Jordan\n', ' Andrea Kremer\n', ' John Paxson\n', ' Bill Wennington\n', ' B.J. Armstrong\n', ' Bob Costas\n', ' Ahmad Rashad\n', ' Jerry Reinsdorf\n', ' Dennis Rodman\n', ' Sam Smith\n', ' David Stern\n', ' Rick Telander\n', ' Mark Vancil\n']",[],['USA'],English,7,9.2
13,Rick et Morty,"[' Animation', ' Adventure', ' Comedy', ' Sci-Fi']",5,42 episodes,"TV Series (2013– )
","[' Justin Roiland\n', ' Chris Parnell\n', ' Spencer Grammer\n', ' Sarah Chalke\n', ' Kari Wahlgren\n', ' Dan Harmon\n', ' Maurice LaMarche\n']","['Dan Harmon', 'Justin Roiland']",['USA'],English,12,9.2
14,"Avatar, le dernier maître de l'air","[' Animation', ' Action', ' Adventure', ' Family', ' Fantasy', ' Mystery']",3,66 episodes,"TV Series (2005–2008)
","[' Zach Tyler\n', ' Jack De Sena\n', ' Dee Bradley Baker\n', ' Mae Whitman\n', ' Dante Basco\n', ' Michaela Jill Murphy\n', ' Mako\n']","['Michael Dante DiMartino', 'Bryan Konietzko']",['USA'],English,T,9.2
15,Les Soprano,"[' Crime', ' Drama']",6,86 episodes,"TV Series (1999–2007)
","[' James Gandolfini\n', ' Lorraine Bracco\n', ' Edie Falco\n', ' Michael Imperioli\n', ' Dominic Chianese\n', ' Steven Van Zandt\n', ' Tony Sirico\n', ' Robert Iler\n', ' Jamie-Lynn Sigler\n', ' Aida Turturro\n', ' Drea de Matteo\n', ' Steve Schirripa\n', ' Dan Grimaldi\n', ' Joseph R. Gannascoli\n', ' John Ventimiglia\n', ' Sharon Angela\n']",['David Chase'],['USA'],Russian,Tous publics,9.2
16,The World at War,"[' Documentary', ' History', ' War']",1,26 episodes,"TV Series (1973–1976)
",[' Laurence Olivier\n'],[],['UK'],Japanese,,9.2
17,"Life, l'aventure de la vie",[' Documentary'],1,11 episodes,"TV Mini-Series (2009)
","[' Oprah Winfrey\n', ' David Attenborough\n']",[],"['UK', 'USA', 'Greece', 'Italy', 'Germany']",English,Tous publics,9.1
18,Fullmetal Alchemist: Brotherhood,"[' Animation', ' Action', ' Adventure', ' Comedy', ' Drama', ' Fantasy', ' Sci-Fi']",1,69 episodes,"TV Series (2009–2012)
","[' Kent Williams\n', ' Iemasa Kayumi\n', ' Vic Mignogna\n', ' Muriel Hofmann\n', ' Lili Troncale\n', ' Romi Pak\n', ' Maxey Whitehead\n', ' Rie Kugimiya\n', ' Travis Willingham\n', "" Shin'ichirô Miki\n"", ' Colleen Clinkenbeard\n', ' Fumiko Orikasa\n', ' J. Michael Tatum\n', ' Kenta Miyake\n', ' Yuki Hayashi\n', ' Caitlin Glass\n', ' Monica Rial\n', ' Megumi Takamoto\n', ' Scott Freeman\n', ' Mai Gotou\n', ' Christopher Sabat\n', ' Tia Lynn Ballard\n', ' Todd Haberkorn\n', ' Ed Blaylock\n', ' Kenji Utsumi\n', ' Hidekatsu Shibata\n', ' Mamoru Miyano\n']",['Hiromu Arakawa'],['Japan'],Japanese,Tous publics,9.1
19,Sherlock,"[' Crime', ' Drama', ' Mystery', ' Thriller']",4,15 episodes,"TV Series (2010–2017)
","[' Benedict Cumberbatch\n', ' Martin Freeman\n', ' Una Stubbs\n', ' Rupert Graves\n', ' Louise Brealey\n', ' Mark Gatiss\n', ' Andrew Scott\n', ' Amanda Abbington\n', ' Jonathan Aris\n']","['Mark Gatiss', 'Steven Moffat']","['UK', 'USA']",English,Tous publics,9.1
20,The Vietnam War,"[' Documentary', ' History', ' War']",1,10 episodes,"TV Mini-Series (2017)
","[' Peter Coyote\n', ' Huy Duc\n', ' James Willbanks\n', ' Duong Van Mai Elliott\n', ' John Musgrave\n', ' Phan Quang Tue\n', ' Karl Marlantes\n', ' Nguyen Ngoc\n', ' Bao Ninh\n', ' Bill Zimmerman\n', ' Leslie Gelb\n', ' Hal Kushner\n', ' Roger Harris\n', ' Carol Crocker\n', "" Tim O'Brien\n"", ' Jack Todd\n', ' Bui Diem\n', ' Robert Gard\n', ' Neil Sheehan\n', ' Bill Ehrhart\n', ' Ron Ferrizzi\n']",[],[],,,9.1
21,La quatrième dimension,"[' Drama', ' Fantasy', ' Horror', ' Mystery', ' Sci-Fi', ' Thriller']",5,156 episodes,"TV Series (1959–1964)
",[' Rod Serling\n'],['Rod Serling'],['USA'],English,Tous publics,9.0
22,Sahsiyet,"[' Crime', ' Drama', ' Mystery']",1,12 episodes,"TV Mini-Series (2018)
","[' Haluk Bilginer\n', ' Cansu Dere\n', ' Metin Akdülger\n', ' Sebnem Bozoklu\n', ' Hüseyin Avni Danyal\n', ' Necip Memili\n', ' Senay Gürler\n', ' Ayhan Kavas\n', ' Önder Selen\n', ' Ibrahim Selim\n', ' Firat Topkorur\n', ' Recep Usta\n', ' Rabia Soyturk\n', ' Alptekin Ertürk\n', ' Müjde Ar\n', ' Yusufcan Sancakli\n', ' Hümeyra\n', ' Volkan Uygun\n', ' Avni Yalçin\n', ' Okan Avci\n', ' Cengiz Samsun\n', ' Ömer Çobanoglu\n', ' Can Ilhan\n', ' Bekir Hakan Uyanik\n', ' Ali Seçkiner Alici\n', ' Erkan Ayan\n', ' Turhan Kaya\n']",[],['Turkey'],Turkish,,9.1
23,The Beatles Anthology,"[' Documentary', ' Music']",1,8 episodes,"TV Mini-Series (1995–1996)
","[' Paul McCartney\n', ' George Harrison\n', ' Ringo Starr\n', ' George Martin\n', ' Neil Aspinall\n', ' Derek Taylor\n']",[],['UK'],French,,9.1
24,Planète des hommes,[' Documentary'],1,8 episodes,"TV Mini-Series (2011)
",[' John Hurt\n'],[],['UK'],English,,9.0
25,The Blue Planet,[' Documentary'],1,10 episodes,"TV Series (2001)
","[' David Attenborough\n', ' Pierce Brosnan\n']",[],['UK'],English,,9.0
26,Batman,"[' Animation', ' Action', ' Adventure', ' Family', ' Sci-Fi']",4,85 episodes,"TV Series (1992–1995)
","[' Kevin Conroy\n', ' Efrem Zimbalist Jr.\n', ' Bob Hastings\n']","['Bob Kane', 'Eric Radomski', 'Bruce Timm']",['USA'],English,Tous publics,9.0
27,Terres de glace,[' Documentary'],1,10 episodes,"TV Mini-Series (2011–2012)
","[' David Attenborough\n', ' Alec Baldwin\n']",[],"['UK', 'USA', 'Spain', 'Germany', 'Greece', 'Canada']",Russian,,9.0
28,Firefly,"[' Adventure', ' Drama', ' Sci-Fi']",1,14 episodes,"TV Series (2002–2003)
","[' Nathan Fillion\n', ' Gina Torres\n', ' Alan Tudyk\n', ' Morena Baccarin\n', ' Adam Baldwin\n', ' Jewel Staite\n', ' Sean Maher\n', ' Summer Glau\n', ' Ron Glass\n']",['Joss Whedon'],['USA'],Mandarin,Tous publics,9.0
29,Le décalogue,[' Drama'],1,10 episodes,"TV Mini-Series (1989–1990)
","[' Artur Barcis\n', ' Olgierd Lukaszewicz\n', ' Aleksander Bardini\n', ' Olaf Lubaszenko\n', ' Krystyna Janda\n', ' Piotr Machalica\n', ' Jan Tesarz\n', ' Stanislaw Gawlik\n', ' Krzysztof Kumor\n', ' Katarzyna Piwowarczyk\n', ' Maciej Szary\n', ' Henryk Baranowski\n']",[],"['Poland', 'West Germany']",Polish,,9.0
30,True Detective,"[' Crime', ' Drama', ' Mystery', ' Thriller']",3,24 episodes,"TV Series (2014– )
","[' Matthew McConaughey\n', ' Colin Farrell\n', ' Mahershala Ali\n', ' Woody Harrelson\n', ' Rachel McAdams\n', ' Carmen Ejogo\n', ' Michelle Monaghan\n', ' Taylor Kitsch\n', ' Stephen Dorff\n', ' Michael Potts\n', ' Kelly Reilly\n', ' Scoot McNairy\n', ' Tory Kittles\n', ' Vince Vaughn\n', ' Ray Fisher\n', ' Chris Kerson\n', ' Ritchie Coster\n', ' Sarah Gadon\n', ' Christopher James Baker\n', ' Afemo Omilami\n', ' James Frain\n', ' Brett Cullen\n', ' Mamie Gummer\n', ' J.D. Evermore\n', ' Andy Mackenzie\n', ' Dana Gourrier\n', ' Michael Irby\n', ' Abigail Spencer\n', ' Timothy V. Murphy\n', ' Yara Martinez\n', ' Adria Arjona\n', ' Isaiah C. Morgan\n', ' Madison Wolfe\n', ' Alain Uy\n', ' Jon Lindstrom\n', ' Kevin Dunn\n', ' Michael Greyeyes\n', ' Jon Tenney\n', ' W. Earl Brown\n', ' Joe Chrest\n', ' Rhys Wakefield\n', ' Michael Hyatt\n', ' Leven Rambin\n', ' Emily Nelson\n', ' Lera Lynn\n', ' Kennedi Butler\n', ' Dane Rhodes\n', ' Alexandra Daddario\n', ' Scott Shepherd\n', ' Josh Hopkins\n', ' James MacDonald\n', ' Michael Broderick\n', ' C.S. Lee\n', ' Tim Griffin\n', ' Lolita Davidovich\n', ' Tony Molina Jr.\n', ' Vinicius Zorin-Machado\n', ' Trevor Larcom\n', ' Brian Oerly\n', ' Bea Santos\n', ' Matt Battaglia\n', ' Sol Landerman\n', ' Meghan Wolfe\n', ' Myk Watford\n', ' David Morse\n', ' Rick Springfield\n', ' Jackson Beals\n', ' Glenn Fleshler\n', ' Michael Harney\n', ' Gareth Williams\n', ' Alex Fernandez\n', ' Brandon Flynn\n', ' David Stanbra\n', ' Richard Meehan\n', ' L. Warren Young\n', ' Erin Moriarty\n', ' Bill Kelly\n', ' Jim Klock\n', ' Gabriel Luna\n', ' Jack Topalian\n', ' Arthur Darbinyan\n', ' Garrett Kruithof\n', ' Agnes Albright\n', ' Emily Rios\n', ' Christian Campbell\n', ' Courtney Halverson\n', ' Don Yesso\n', ' Carla Vila\n', ' Benjamín Benítez\n', ' Michael Graziadei\n', ' Robert Renderos\n', ' Ronnie Gene Blevins\n', ' Corbin Pitts\n', ' Michael Rooker\n', ' Jay O. Sanders\n', ' Fred Ward\n', ' Lili Simmons\n', ' Shea Whigham\n', ' Christopher Berry\n', ' Brad Carter\n', ' Johnny McPhail\n', ' Deborah Ayorinde\n', ' Steven Williams\n', ' Phoenix Elkin\n', ' Charles Halford\n', ' Jodi Balfour\n', ' Lena McCarthy\n', ' Greg Bryan\n', ' Lindsay Musil\n', ' Pedro Miguel Arce\n', ' Molly Hagan\n', ' Ashley Hinshaw\n', ' Sola Bamis\n', ' Nathan Wetherington\n', ' Lennon Morgan\n', ' Nick Basta\n', ' Alyshia Ochse\n', ' Harlon Miller\n', ' Bailey Rae Fenderson\n', ' Jaiden Alexander McLeod\n', ' Miranda Rae Mayo\n', ' Bojesse Christopher\n', ' Brighton Sharbino\n', ' Weronika Rosati\n', ' Mark Chaet\n', ' Chet Grissom\n', ' Michael A. Klucher\n', ' Luke Edwards\n', ' Lawrence Turner\n', ' Stevin Knight\n', ' Cullen Moss\n', ' Joseph Sikora\n', ' Jancey Sheats\n', ' Jamison Jones\n', ' Anjul Nigam\n', ' Riley Smith\n', ' Ronny Cox\n', ' Thomas W. Moore\n', ' Cooper Roth\n']",['Nic Pizzolatto'],['USA'],English,12,9.0
31,The Civil War,"[' Documentary', ' History', ' War']",1,9 episodes,"TV Mini-Series (1990)
","[' Sam Waterston\n', ' Julie Harris\n', ' Jason Robards\n', ' Morgan Freeman\n', ' Paul Roebling\n', ' Garrison Keillor\n', ' George Black\n', ' David McCullough\n', ' Arthur Miller\n', ' Christopher Murney\n', ' Charles McDowell\n', ' Horton Foote\n', ' George Plimpton\n', ' Philip Bosco\n', ' Terry Courier\n', ' Jody Powell\n', ' Studs Terkel\n', ' Jeremy Irons\n', ' Derek Jacobi\n', ' Kurt Vonnegut Jr.\n', ' Gene Jones\n', ' Jerome Dempsey\n', ' Laurence Fishburne\n', ' Betsy Apple\n', ' Carol Craven\n', ' Marissa Copeland\n', ' Halo Wines\n', ' David Marks\n', ' Pamela Reed\n', ' Ronnie Gilbert\n', ' M. Emmet Walsh\n', ' Hoyt Axton\n', ' John Hartford\n', ' Walt MacPherson\n', ' Colleen Dewhurst\n', ' LaTanya Richardson Jackson\n', ' Bradford Washburn\n', ' Jesse Carr\n', ' Wendy Tilghman\n', ' Joe Mattys\n', ' Shelby Foote\n', ' Ed Bearss\n', ' Barbara Fields\n', ' James Symington\n', ' Stephen B. Oates\n']",[],['USA'],English,,9.0
32,Death Note,"[' Animation', ' Crime', ' Drama', ' Fantasy', ' Mystery', ' Thriller']",1,37 episodes,"TV Series (2006–2007)
","[' Mamoru Miyano\n', ' Brad Swaile\n', ' Vincent Tong\n', ' Ryô Naitô\n', ' Trevor Devall\n', ' Brian Drummond\n', ' Naoya Uchida\n', ' Chris Britton\n', ' Keiji Fujiwara\n', ' Kappei Yamaguchi\n', ' Aya Hirano\n', ' Shannon Chan-Kent\n', ' Alessandro Juliani\n', ' Shidô Nakamura\n', ' John Murphy\n', ' Kazuya Nakai\n', ' Kiyoshi Kobayashi\n', ' French Tickner\n', ' Masaki Aizawa\n', ' Brian Dobson\n', ' Ai Satô\n', ' Hideo Ishikawa\n']",[],['Japan'],Japanese,10,9.0
33,Fargo,"[' Crime', ' Drama', ' Thriller']",4,40 episodes,"TV Series (2014– )
","[' Allison Tolman\n', ' Billy Bob Thornton\n', ' Colin Hanks\n', ' Martin Freeman\n', ' Russell Harvard\n', ' Kirsten Dunst\n', ' Ewan McGregor\n', ' Patrick Wilson\n', ' Carrie Coon\n', ' Jesse Plemons\n', ' Mary Elizabeth Winstead\n', ' David Thewlis\n', ' Ted Danson\n', ' Bokeem Woodbine\n', ' Brad Mann\n', ' Francesco Acquaroli\n', ' Andrew Bird\n', ' Gaetano Bruno\n', ' Jessie Buckley\n', ' Emyri Crutchfield\n', ' Matthew Elam\n', ' Salvatore Esposito\n', ' Jeremie Harris\n', ' Corey Hendrix\n', ' Jack Huston\n', ' James Vincent Meredith\n', ' Timothy Olyphant\n', ' Chris Rock\n', ' Jason Schwartzman\n', ' Glynn Turman\n', ' Ben Whishaw\n', ' Anji White\n', ' Jean Smart\n', ' Bob Odenkirk\n', ' Keith Carradine\n', ' Cristin Milioti\n', ' Joey King\n', ' Zahn McClarnon\n', ' Angus Sampson\n', ' Michael Stuhlbarg\n', ' Andy Yu\n', ' Emily Haine\n', ' Jeffrey Donovan\n', ' Olivia Sandoval\n', ' Rachel Keller\n', ' Graham Verchere\n', ' Raven Stewart\n', ' Goran Bogdan\n', ' Joshua Close\n', ' Mark Forward\n', ' Gary Valentine\n', ' Michael Hogan\n', ' Wilma Pelly\n', ' Shea Whigham\n', ' Adam Goldberg\n', ' Glenn Howerton\n', ' Brad Garrett\n', ' Nick Offerman\n', ' Elizabeth Marvel\n', "" Keir O'Donnell\n"", ' Tom Musgrave\n', ' Barry Flatman\n', ' Rachel Blanchard\n', ' Susan Park\n', ' Oliver Platt\n', ' Zina Lee\n', ' Allan Dobrescu\n', ' Dan Beirne\n', ' Todd Mann\n', ' Nick Di Brizzi Jr.\n', ' Kate Walsh\n', ' Hamish Linklater\n', ' Linda Kash\n', ' Mary McDonnell\n', ' Julie Ann Emery\n', ' Keegan-Michael Key\n', ' Peter Breitmayer\n', ' Jordan Peele\n', ' Gordon S. Miller\n', ' Caitlynne Medrek\n', ' Spencer Drever\n', ' Chantal Perron\n', ' Amber Midthunder\n', ' Scott Hylands\n', ' Mike Bradecich\n', "" Ryan O'Nan\n"", ' Ivan Sherry\n', ' Adam Arkin\n', ' Atticus Mitchell\n', ' Liam Green\n', ' Niko Koupantsis\n', ' Steve Belford\n', ' Maggie Sullivun\n', ' Matt Cooke\n', ' Eric Keenleyside\n', ' Kate Corbett\n', ' Scoot McNairy\n', ' Ray Wise\n', ' Terry Kinney\n', ' Shawn Doyle\n', ' Stephen Root\n', ' Brian Markinson\n', ' Helena Mattsson\n', ' DJ Qualls\n', ' Kelly Holden Bashar\n', ' Kieran Culkin\n']",['Noah Hawley'],['USA'],Hebrew,Tous publics,8.9
34,Apocalypse: La 2ème guerre mondiale,"[' Documentary', ' History', ' War']",1,6 episodes,"TV Mini-Series (2009)
","[' Mathieu Kassovitz\n', ' Martin Sheen\n']",[],['France'],French,,9.0
35,Cowboy Bebop,"[' Animation', ' Action', ' Adventure', ' Drama', ' Sci-Fi', ' Thriller']",1,26 episodes,"TV Series (1998–1999)
","[' Kôichi Yamadera\n', ' Unshô Ishizuka\n', ' Steve Blum\n', ' Beau Billingslea\n', ' Kevin Seymour\n', ' Wendee Lee\n', ' Megumi Hayashibara\n', ' Isshin Chiba\n', ' Melissa Fahn\n', ' Aoi Tada\n']",['Hajime Yatate'],['Japan'],English,,8.9
36,Afrique sauvage,[' Documentary'],1,7 episodes,"TV Mini-Series (2013)
","[' David Attenborough\n', ' Simon Blakeney\n']",[],['UK'],English,,9.0
37,Dans leur regard,"[' Biography', ' Crime', ' Drama', ' History']",1,4 episodes,"TV Mini-Series (2019)
","[' Asante Blackk\n', ' Caleel Harris\n', ' Ethan Herisse\n', ' Marquis Rodriguez\n', ' Marsha Stephanie Blake\n', ' Kylie Bunbury\n', ' John Leguizamo\n', ' Niecy Nash\n', ' Suzzanne Douglas\n', ' Michael Kenneth Williams\n', ' Jharrel Jerome\n', ' Aunjanue Ellis\n', ' Felicity Huffman\n', ' Len Cariou\n', ' William Sadler\n', ' Adepero Oduye\n', ' Alexandra Templer\n', ' Denia Brache\n', ' Vera Farmiga\n', ' Omar J. Dorsey\n', ' Jovan Adepo\n', ' Chris Chalk\n', ' Justin Cunningham\n', ' Freddy Miyares\n', ' Famke Janssen\n', ' Chukwudi Iwuji\n', ' Storm Reid\n', ' Alex Breaux\n', ' Jayce Bartok\n', ' Frank Pando\n', ' Edward Carnevale\n', ' Tyler Dean Flores\n', ' Maliq Johnson\n', ' Isaiah Negrón\n', ' Elijah Richardson\n', ' Kate Easton\n', ' Todd Lawson\n', ' Caroline Hewitt\n', ' Chris Jackson\n', ' Joshua Jackson\n', ' Gary Perez\n', ' Aurora Perrineau\n', ' Dascha Polanco\n', ' Blair Underwood\n', ' Jimmy Gary Jr.\n', ' Vincent De Paul\n']",['Ava DuVernay'],['USA'],English,,8.9
38,Ramayan,"[' Family', ' Fantasy', ' War']",1,78 episodes,"TV Series (1987–1988)
","[' Arun Govil\n', ' Deepika Chikhalia\n', ' Sunil Lahri\n', ' Arvind Trivedi\n', ' Dara Singh\n', ' Sanjay Jog\n', ' Samir Rajda\n', ' Shyamsundar Kaalaani\n', ' Vijay Arora\n', ' Bal Dhuri\n', ' Jayshree Gadkar\n', ' Padma Khanna\n', ' Rajni Bala\n', ' Mukesh Rawal\n', ' Nalin Dave\n', ' Aparajita\n', ' Lalita Pawar\n', ' Renu Dhariwal\n', ' Mulraj Rajda\n', ' Urmila Bhatt\n', ' Sudhir Dalvi\n', ' Chandrashekhar\n', ' Vijay Kavish\n', ' Rajshekhar Upadhyay\n', ' Bashir Khan\n', ' Anjali Vyas\n', ' Sulakshana Khatri\n', ' Poonam Shetty\n', ' Girish Seth\n', ' Giriraj Shukla\n', ' Vibhuti Dave\n', ' Aslam Khan\n']",['Ramanand Sagar'],['India'],Hindi,,9.3
39,Last Week Tonight with John Oliver,"[' Comedy', ' News', ' Talk-Show']",7,196 episodes,"TV Series (2014– )
","[' John Oliver\n', ' David Kaye\n']",[],['USA'],English,10,8.9
40,TVF Pitchers,"[' Comedy', ' Drama']",1,5 episodes,"TV Mini-Series (2015)
","[' Naveen Kasturia\n', ' Arunabh Kumar\n', ' Jitendra Kumar\n', ' Abhay Mahajan\n', ' Akanksha Thakur\n', ' Maanvi Gagroo\n', ' Gopal Dutt\n']",['Arunabh Kumar'],['India'],English,,9.2
41,Hunter x Hunter,"[' Animation', ' Action', ' Adventure', ' Comedy', ' Fantasy']",1,148 episodes,"TV Series (2011–2014)
","[' Issei Futamata\n', ' Megumi Han\n', ' Cristina Valenzuela\n', ' Mariya Ise\n', ' Michael McConnohie\n', ' Erica Mendez\n']",['Yoshihiro Togashi'],['Japan'],Japanese,Tous publics,8.9
42,Only Fools and Horses....,[' Comedy'],9,64 episodes,"TV Series (1981–2003)
","[' David Jason\n', ' Nicholas Lyndhurst\n', ' Roger Lloyd Pack\n', ' Buster Merryfield\n', ' John Challis\n', ' Kenneth MacDonald\n']",['John Sullivan'],['UK'],English,,8.9
43,The Office,[' Comedy'],9,188 episodes,"TV Series (2005–2013)
","[' Rainn Wilson\n', ' John Krasinski\n', ' Jenna Fischer\n', ' Leslie David Baker\n', ' Brian Baumgartner\n', ' Angela Kinsey\n', ' Phyllis Smith\n', ' Kate Flannery\n', ' Creed Bratton\n', ' Oscar Nuñez\n', ' B.J. Novak\n', ' Mindy Kaling\n', ' Ed Helms\n', ' Paul Lieberstein\n', ' Steve Carell\n', ' Craig Robinson\n', ' Ellie Kemper\n']","['Greg Daniels', 'Ricky Gervais', 'Stephen Merchant']",['USA'],English,13,8.9
44,Friends,"[' Comedy', ' Romance']",10,235 episodes,"TV Series (1994–2004)
","[' Jennifer Aniston\n', ' Courteney Cox\n', ' Lisa Kudrow\n', ' Matt LeBlanc\n', ' Matthew Perry\n', ' David Schwimmer\n', ' James Michael Tyler\n']","['David Crane', 'Marta Kauffman']",['USA'],French,Tous publics,8.9
45,Le bateau,"[' Drama', ' Thriller', ' War']",1,3 episodes,"TV Mini-Series (1985–1987)
","[' Jürgen Prochnow\n', ' Herbert Grönemeyer\n', ' Klaus Wennemann\n', ' Hubertus Bengsch\n', ' Martin Semmelrogge\n', ' Bernd Tauber\n', ' Erwin Leder\n', ' Martin May\n', ' Heinz Hoenig\n', ' Uwe Ochsenknecht\n', ' Claude-Oliver Rudolph\n', ' Jan Fedder\n', ' Ralf Richter\n', ' Joachim Bernhard\n', ' Oliver Stritzel\n', ' Konrad Becker\n', ' Lutz Schnell\n', ' Martin Hemme\n', ' Wilhelm Pietsch\n', ' Helmut Neumeier\n', ' Dirk Salomon\n', ' Jean-Claude Hoffmann\n', ' Arno Kral\n', ' Maryline Moulard\n', ' Rita Cadillac\n', ' Otto Sander\n', ' Günter Lamprecht\n']",[],"['West Germany', 'France', 'UK', 'Italy']",German,,8.8
46,Monty Python's Flying Circus,[' Comedy'],4,45 episodes,"TV Series (1969–1974)
","[' Graham Chapman\n', ' Eric Idle\n', ' Terry Jones\n', ' Michael Palin\n', ' Terry Gilliam\n', ' John Cleese\n', ' Carol Cleveland\n']","['Graham Chapman', 'Eric Idle', 'Terry Jones']",['UK'],Spanish,,8.8
47,Seinfeld,[' Comedy'],9,172 episodes,"TV Series (1989–1998)
","[' Jerry Seinfeld\n', ' Jason Alexander\n', ' Michael Richards\n', ' Julia Louis-Dreyfus\n', ' Ruth Cohen\n']","['Larry David', 'Jerry Seinfeld']",['USA'],English,Tous publics,8.8
48,Souvenirs de Gravity Falls,"[' Animation', ' Action', ' Adventure', ' Comedy', ' Family', ' Fantasy', ' Mystery', ' Sci-Fi']",2,40 episodes,"TV Series (2012–2016)
","[' Jason Ritter\n', ' Alex Hirsch\n', ' Kristen Schaal\n', ' Linda Cardellini\n', ' Kevin Michael Richardson\n', ' Matt Chapman\n', ' Kari Wahlgren\n', ' John DiMaggio\n']",['Alex Hirsch'],['USA'],English,Tous publics,8.9
49,Orgueil et préjugés,"[' Drama', ' Romance']",1,6 episodes,"TV Mini-Series (1995)
","[' Jennifer Ehle\n', ' Colin Firth\n', ' Susannah Harker\n', ' Julia Sawalha\n', ' Alison Steadman\n', ' Benjamin Whitrow\n', ' Crispin Bonham-Carter\n', ' Polly Maberly\n', ' Lucy Briers\n', ' Anna Chancellor\n', ' Lucy Robinson\n', ' Adrian Lukis\n', ' David Bamber\n', ' Lucy Scott\n', ' Lucy Davis\n', ' Emilia Fox\n', ' Marlene Sidaway\n', ' Barbara Leigh-Hunt\n', ' Tim Wylton\n', ' Rupert Vansittart\n', ' Joanna David\n', ' Nadia Chambers\n', ' David Bark-Jones\n', ' Lynn Farleigh\n', ' Christopher Benjamin\n', ' Roger Barclay\n', "" Kate O'Malley\n"", ' Norma Streader\n', ' Paul Moriarty\n', ' Victoria Hamilton\n', ' Anthony Calf\n', ' Sarah Legg\n', ' Annabel Taylor\n', ' Harriet Eastcott\n', ' Natasha Isaacs\n', ' Marie-Louise Flamank\n', ' Roy Holder\n', ' Julian Erleigh\n', ' Neville Phillips\n', ' Christopher Staines\n', ' Jacob Casselden\n']",[],['UK'],English,,8.8
50,How the Universe Works,[' Documentary'],8,77 episodes,"TV Series (2010– )
","[' Phil Plait\n', ' Michelle Thaller\n', ' Mike Rowe\n', ' Hakeem Oluseyi\n', ' Lawrence Krauss\n', ' James S. Bullock\n', ' Moogega Cooper\n']",[],['USA'],English,,8.9
51,Black Mirror,"[' Drama', ' Sci-Fi', ' Thriller']",5,22 episodes,"TV Series (2011– )
","[' Daniel Lapaine\n', ' Hannah John-Kamen\n', ' Michaela Coel\n', ' Beatrice Robertson-Jones\n', ' Charles Babalola\n']",['Charlie Brooker'],['UK'],English,16,8.8
52,Twin Peaks,"[' Crime', ' Drama', ' Mystery', ' Thriller']",2,30 episodes,"TV Series (1990–1991)
","[' Kyle MacLachlan\n', ' Michael Ontkean\n', ' Mädchen Amick\n', ' Dana Ashbrook\n', ' Richard Beymer\n', ' Lara Flynn Boyle\n', ' Sherilyn Fenn\n', ' Warren Frost\n', ' Peggy Lipton\n', ' James Marshall\n', ' Everett McGill\n', ' Jack Nance\n', ' Joan Chen\n', ' Kimmy Robertson\n', ' Michael Horse\n', ' Piper Laurie\n', ' Harry Goaz\n', ' Eric DaRe\n', ' Wendy Robie\n', ' Ray Wise\n', ' Sheryl Lee\n', ' Russ Tamblyn\n', ' Don S. Davis\n', ' Chris Mulkey\n', ' Gary Hershberger\n', ' Grace Zabriskie\n']","['Mark Frost', 'David Lynch']",['USA'],Norwegian,Tous publics,8.8
53,Nathan for You,"[' Documentary', ' Comedy']",4,32 episodes,"TV Series (2013–2017)
",[' Nathan Fielder\n'],"['Nathan Fielder', 'Michael Koman']",['USA'],English,,8.8
54,La Forêt de l'Étrange,"[' Animation', ' Adventure', ' Drama', ' Family', ' Fantasy', ' Horror', ' Mystery', ' Thriller']",1,10 episodes,"TV Mini-Series (2014)
","[' Elijah Wood\n', ' Collin Dean\n', ' Melanie Lynskey\n']","['Katie Krentz', 'Patrick McHale']",['USA'],English,,8.8
55,One Punch Man,"[' Animation', ' Action', ' Comedy', ' Fantasy', ' Sci-Fi']",2,24 episodes,"TV Series (2015– )
","[' Makoto Furukawa\n', ' Kaito Ishikawa\n', ' Max Mittelman\n', ' Zach Aguilar\n', ' Hiromichi Tezuka\n', ' Robbie Daymond\n', ' Kyle Hebert\n', ' Shôta Yamamoto\n', ' Yôji Ueda\n', ' Sean Chiplock\n', ' Yoshiaki Hasegawa\n', ' Kirk Thornton\n', "" Shin'ya Hamazoe\n"", ' Bill Rogers\n', ' Hikaru Midorikawa\n', ' Ben Lepley\n', ' Ben Pronsky\n', ' Koichi Soma\n', ' Patrick Seitz\n']",[],['Japan'],English,12,8.8
56,Narcos,"[' Biography', ' Crime', ' Drama', ' Thriller']",3,30 episodes,"TV Series (2015–2017)
","[' Pedro Pascal\n', ' Wagner Moura\n', ' Boyd Holbrook\n', ' Alberto Ammann\n', ' Paulina Gaitan\n', ' Juan Murcia\n', ' Jorge Monterrosa\n', ' Damián Alcázar\n', ' Francisco Denis\n', ' Raúl Méndez\n', ' Juan Sebastián Calero\n', ' Paulina García\n', ' Diego Cataño\n', ' Brett Cullen\n', ' Julián Díaz\n', ' Joanna Christie\n']","['Carlo Bernard', 'Chris Brancato', 'Doug Miro']","['USA', 'Colombia', 'Mexico']",Spanish,12,8.8
57,Peaky Blinders,"[' Crime', ' Drama']",7,37 episodes,"TV Series (2013– )
","[' Cillian Murphy\n', ' Paul Anderson\n', ' Helen McCrory\n', ' Sophie Rundle\n', ' Ned Dennehy\n', ' Finn Cole\n', ' Ian Peck\n', ' Harry Kirton\n', ' Joe Cole\n', "" Natasha O'Keeffe\n"", ' Packy Lee\n', ' Annabelle Wallis\n', ' Kate Phillips\n', ' Tony Pitts\n', ' Aimee-Ffion Edwards\n', ' Jordan Bolger\n']",['Steven Knight'],['UK'],Irish,10,8.8
58,Blackadder Goes Forth,"[' Comedy', ' War']",1,6 episodes,"TV Series (1989)
","[' Rowan Atkinson\n', ' Tony Robinson\n', ' Stephen Fry\n', ' Hugh Laurie\n', ' Tim McInnerny\n']",[],['UK'],English,,8.8
59,Freaks & Geeks,"[' Comedy', ' Drama']",1,18 episodes,"TV Series (1999–2000)
","[' Linda Cardellini\n', ' John Francis Daley\n', ' James Franco\n', ' Samm Levine\n', ' Seth Rogen\n', ' Jason Segel\n', ' Martin Starr\n', ' Becky Ann Baker\n', ' Joe Flaherty\n', ' Busy Philipps\n', ' Jerome Elston Scott\n', ' Steve Bannos\n', ' Dave Allen\n', ' Sarah Hagan\n', ' Jerry Messing\n', ' Natasha Melnick\n', ' Stephen Lea Sheppard\n', ' Chauncey Leopardi\n']",['Paul Feig'],['USA'],English,12,8.8
60,L'attaque des titans,"[' Animation', ' Action', ' Adventure', ' Drama', ' Fantasy', ' Horror']",4,69 episodes,"TV Series (2013– )
","[' Marina Inoue\n', ' Yûki Kaji\n', ' Yui Ishikawa\n', ' Josh Grelle\n', ' Bryce Papenbrook\n', ' Trina Nishimura\n', ' Kishô Taniyama\n', ' Hiro Shimono\n', ' Clifford Chapin\n', ' Hiroshi Kamiya\n', ' Daisuke Ono\n', ' Yû Kobayashi\n', ' Mike McFarland\n', ' Romi Pak\n', ' Ashly Burch\n', ' Matthew Mercer\n', ' J. Michael Tatum\n', ' Jessica Calvello\n', ' Yoshimasa Hosoya\n', ' Shiori Mikami\n', ' Robert McCollum\n', ' Bryn Apprill\n']",[],['Japan'],Japanese,16,8.8
61,L'hôtel en folie,[' Comedy'],2,12 episodes,"TV Series (1975–1979)
","[' John Cleese\n', ' Prunella Scales\n', ' Andrew Sachs\n', ' Connie Booth\n', ' Ballard Berkeley\n', ' Gilly Flower\n', ' Renee Roberts\n', ' Brian Hall\n']",[],['UK'],Spanish,,8.7
62,Senke nad Balkanom,"[' Crime', ' Drama', ' Thriller']",2,20 episodes,"TV Series (2017– )
","[' Andrija Kuzmanovic\n', ' Marija Bergam\n', ' Dragan Bjelogrlic\n', ' Jovana Stojiljkovic\n', ' Nenad Jezdic\n', ' Gordan Kicic\n', ' Goran Bogdan\n', ' Aleksandar Gligoric\n', ' Nebojsa Dugalic\n', ' Aleksandar Stojkovic\n', "" Slobodan 'Boda' Ninkovic\n"", ' Branimir Brstina\n', ' Marko Zivic\n', ' Milos Samolov\n', "" Srdjan 'Zika' Todorovic\n"", ' Toni Mihajlovski\n', ' Petre Arsovski\n', "" Vojislav 'Voja' Brajovic\n"", ' Djordje Kukuljica\n', ' Miodrag Fisekovic\n', ' Anja Mit\n', ' Milivoje Stanimirovic\n', ' Ljubomir Nikolic\n', ' Nikola Djuricko\n', ' Marko Gvero\n', ' Sandra Bugarski\n', ' Marko Grabez\n', ' Natasa Ninkovic\n', ' Bojan Navojec\n', ' Milos Timotijevic\n', ' Bogdan Diklic\n', ' Leona Paraminski\n', ' Vesna Trivalic\n', ' Aleksej Bjelogrlic\n', ' Aksel Mehmet\n']",['Dragan Bjelogrlic'],['Serbia'],Slovenian,,9.1
63,Chappelle's Show,"[' Comedy', ' Music']",3,33 episodes,"TV Series (2003–2006)
","[' Dave Chappelle\n', ' Donnell Rawlings\n', ' Rudy Rush\n', ' Charlie Murphy\n', ' Neal Brennan\n']","['Neal Brennan', 'Dave Chappelle']",['USA'],English,,8.7
64,Stranger Things,"[' Drama', ' Fantasy', ' Horror', ' Mystery', ' Sci-Fi', ' Thriller']",4,33 episodes,"TV Series (2016– )
","[' Winona Ryder\n', ' David Harbour\n', ' Finn Wolfhard\n', ' Millie Bobby Brown\n', ' Gaten Matarazzo\n', ' Caleb McLaughlin\n', ' Natalia Dyer\n', ' Charlie Heaton\n', ' Joe Keery\n', ' Cara Buono\n', ' Noah Schnapp\n', ' Sadie Sink\n', ' Priah Ferguson\n', ' Dacre Montgomery\n', ' Maya Hawke\n', ' Brett Gelman\n', ' Joe Chrest\n']","['Matt Duffer', 'Ross Duffer']",['USA'],Russian,16,8.8
65,Philadelphia,[' Comedy'],15,154 episodes,"TV Series (2005– )
","[' Charlie Day\n', ' Glenn Howerton\n', ' Rob McElhenney\n', ' Kaitlin Olson\n', ' Danny DeVito\n']","['Glenn Howerton', 'Rob McElhenney']",['USA'],English,10,8.8
66,Mahabharat,"[' Drama', ' History', ' War']",1,94 episodes,"TV Series (1988–1990)
","[' Harish Bhimani\n', ' Nitish Bharadwaj\n', ' Mukesh Khanna\n', ' Gajendra Chouhan\n', ' Praveen Kumar\n', ' Arjun\n', ' Rupa Ganguly\n', ' Puneet Issar\n', ' Pankaj Dheer\n', ' Gufi Paintal\n', ' Girja Shankar\n', ' Surendra Pal\n', ' Renuka Israni\n', ' Nazneen\n', ' Virendra Razdan\n', ' Vinod Kapoor\n', ' Sameer Chitre\n', ' Sanjeev Chitre\n', ' Pradeep Singh Rawat\n', ' Sagar Salunke\n', ' Aloka Mukerjee\n', ' Rishabh Shukla\n', ' Kiran Juneja\n', ' Debashree Roy\n', ' Tarakesh Chauhan\n', ' Roma Manik\n', ' Mayur Verma\n', ' Varsha Usgaonkar\n', ' Dharmesh Tiwari\n', ' Pradeep Sharma\n', ' Arun Bakshi\n', ' Paintal\n', ' Kapil Kumar\n', ' Rajesh Vivek\n', ' Channa Ruparel\n', ' Parijat\n', ' Goga Kapoor\n', ' Sheela Sharma\n', ' Raj Babbar\n', ' Sudesh Berry\n', ' Jahnavi\n', ' Manju Vyas\n', ' Rasik Dave\n', ' Meena Chakraborty\n', ' Menaka Babbar\n', ' Lalit Tiwari\n', ' Razak Khan\n', ' Rana Jung Bahadur\n', ' Deep Dhillon\n', ' Ashok Sharma\n', ' Samir Rajda\n', ' Pawan Shukla\n', ' Karunakar Pathak\n', ' Vikash Prasad\n', ' Daboo Malik\n', ' Dinesh Anand\n', ' Vishnu Sharma\n', ' Dara Singh\n', ' Sharat Saxena\n']",[],['India'],Hindi,,9.0
67,Kota Factory,"[' Comedy', ' Drama']",1,5 episodes,"TV Series (2019)
","[' Mayur More\n', ' Jitendra Kumar\n', ' Ranjan Raj\n', ' Revathi Pillai\n', ' Alam Khan\n', ' Urvi Singh\n', ' Ahsaas Channa\n', ' Harish Peddinti\n', ' Arun Kumar\n', ' Avi Singh\n', ' Sachin Srivastava\n']",['Saurabh Khanna'],['India'],Hindi,,9.1
68,Vratice se rode,"[' Comedy', ' Crime', ' Drama', ' Romance']",1,25 episodes,"TV Series (2007–2008)
","[' Nikola Djuricko\n', ' Dragan Bjelogrlic\n', "" Srdjan 'Zika' Todorovic\n"", ' Ljubomir Bandovic\n', ' Mira Banjac\n', ' Goran Radakovic\n', ' Branimir Brstina\n', ' Mirjana Karanovic\n', ' Boris Komnenic\n', ' Novak Bilbija\n', ' Nikola Kojo\n', ' Miodrag Radovanovic\n', ' Marina Vodenicar\n', ' Branislav Lecic\n', ' Vanja Milacic\n', ' Sanja Radisic\n', ' Sasa Petrovic\n', ' Gordana Djurdjevic\n', "" Radoslav 'Rale' Milenkovic\n""]",[],['Serbia'],Serbian,,9.0
69,Arrested development - Les nouveaux pauvres,[' Comedy'],5,84 episodes,"TV Series (2003– )
","[' Jason Bateman\n', ' Portia de Rossi\n', ' Will Arnett\n', ' Michael Cera\n', ' Alia Shawkat\n', ' Tony Hale\n', ' David Cross\n', ' Jeffrey Tambor\n', ' Jessica Walter\n', ' Ron Howard\n']",['Mitchell Hurwitz'],['USA'],English,Tous publics,8.7
70,Rome,"[' Action', ' Drama', ' History', ' Romance', ' War']",2,22 episodes,"TV Series (2005–2007)
","[' Kevin McKidd\n', ' Ray Stevenson\n', ' Polly Walker\n', ' Kerry Condon\n', ' James Purefoy\n', ' Ian McNeice\n', ' Coral Amiga\n', ' Lindsay Duncan\n', ' Lidia Biondi\n', ' Tobias Menzies\n', ' Nicholas Woodeson\n', ' David Bamber\n', ' Chiara Mastalli\n', ' Manfredi Aliquo\n', ' Indira Varma\n', ' Suzanne Bertish\n', ' Max Pirkis\n', ' Lee Boardman\n', ' Esther Hall\n', ' Ciarán Hinds\n', ' Anna Fausta Primiano\n', ' Michael Nardone\n']","['Bruno Heller', 'William J. MacDonald', 'John Milius']","['UK', 'USA']",English,Tous publics,8.7
71,Dragon Ball Z,"[' Animation', ' Action', ' Adventure', ' Comedy', ' Drama', ' Fantasy', ' Sci-Fi', ' Thriller']",1,291 episodes,"TV Series (1989–1996)
","[' Jôji Yanami\n', ' Kyle Hebert\n', ' Masako Nozawa\n', ' Christopher Sabat\n', ' Sean Schemmel\n', ' Mayumi Tanaka\n', ' Sonny Strait\n', ' Stephanie Nadolny\n', ' Toshio Furukawa\n', ' Ryô Horikawa\n', ' Hiromi Tsuru\n', ' Tiffany Vollmer\n', ' Mike McFarland\n', ' Cynthia Cranz\n', ' Hirotaka Suzuoki\n', ' Daisuke Gôri\n', ' Takeshi Kusao\n', ' Tôru Furuya\n']",[],['Japan'],Japanese,Tous publics,8.7
72,À la maison blanche,[' Drama'],7,155 episodes,"TV Series (1999–2006)
","[' Allison Janney\n', ' John Spencer\n', ' Bradley Whitford\n', ' Martin Sheen\n', ' Janel Moloney\n', ' Richard Schiff\n', ' Dulé Hill\n', ' NiCole Robinson\n', ' Melissa Fitzgerald\n', ' Rob Lowe\n', ' Joshua Malina\n', ' Stockard Channing\n']",['Aaron Sorkin'],['USA'],English,Tous publics,8.8
73,Steins;Gate,"[' Animation', ' Comedy', ' Drama', ' Romance', ' Sci-Fi', ' Thriller']",1,26 episodes,"TV Series (2011–2015)
","[' Mamoru Miyano\n', ' Asami Imai\n', ' Kana Hanazawa\n', ' Ashly Burch\n', ' Trina Nishimura\n', ' J. Michael Tatum\n', ' Tomokazu Seki\n', ' Tyson Rinehart\n', ' Cherami Leigh\n', ' Yukari Tamura\n', ' Saori Gotô\n', ' Yû Kobayashi\n', ' Masaki Terasoma\n', ' Jessica Cavanagh\n']",[],['Japan'],English,,8.8
74,Leyla ile Mecnun,"[' Adventure', ' Comedy', ' Drama', ' Fantasy', ' Mystery', ' Romance']",3,104 episodes,"TV Series (2011–2014)
","[' Ali Atay\n', ' Ahmet Mümtaz Taylan\n', ' Serkan Keskin\n', ' Osman Sonant\n', ' Ege Tanman\n', ' Cengiz Bozkurt\n', ' Köksal Engür\n', ' Nalan Kuruçim\n', ' Engin Günay\n', ' Neslihan Aker\n', ' Istar Gökseven\n', ' Sebahat Adalar\n', ' Mehmet Usta\n', ' Ipek Türktan\n', ' Güliz Gençoglu\n', ' Acelya Devrim Yilhan\n', ' Ayse Selen\n', ' Sarp Aydinoglu\n', ' Mustafa Asik\n', ' Melis Birkan\n']",[],['Turkey'],Turkish,,9.1
75,Dark,"[' Crime', ' Drama', ' Mystery', ' Sci-Fi', ' Thriller']",3,Tomorrow,"TV Series (2017–2020)
","[' Karoline Eichhorn\n', ' Louis Hofmann\n', ' Jördis Triebel\n', ' Stephan Kampwirth\n', ' Maja Schöne\n', ' Tamar Pelzig\n', ' Oliver Masucci\n', ' Andreas Pietschmann\n', ' Moritz Jahn\n', ' Peter Benedict\n', ' Deborah Kaufmann\n', ' Christian Hutcherson\n', ' Lisa Vicari\n', ' Paul Lux\n', ' Gina Stiebitz\n', ' Will Beinbrink\n', ' Daan Lennard Liebrenz\n', ' Carlotta von Falkenhayn\n', ' Mark Waschke\n', ' Leopold Hornung\n', ' Julika Jenkins\n', ' Christian Pätzold\n', ' Anne Ratte-Polle\n', ' Tatja Seibt\n', ' Shani Atias\n', ' Lydia Makrides\n', ' Lisa Kreuzer\n', ' Walter Kreye\n', ' Dietrich Hollinderbäumer\n', ' Christian Steyer\n']","['Baran bo Odar', 'Jantje Friese']","['Germany', 'USA']",German,16,8.8
76,Oz,"[' Crime', ' Drama', ' Thriller']",6,56 episodes,"TV Series (1997–2003)
","[' Ernie Hudson\n', ' J.K. Simmons\n', ' Lee Tergesen\n', ' Dean Winters\n', ' George Morfogen\n', ' Terry Kinney\n', ' Rita Moreno\n', ' Harold Perrineau\n', ' Eamonn Walker\n', ' Craig muMs Grant\n', ' Luna Lauren Velez\n', ' Granville Adams\n', ' Tom Mardirosian\n', ' Kirk Acevedo\n', ' BD Wong\n', ' Chuck Zito\n', ' Philip Scozzarella\n', ' Scott William Winters\n', ' Otto Sanchez\n', ' Christopher Meloni\n', ' Robert Clohessy\n', ' R.E. Rodgers\n', ' Kristin Rohde\n', ' Carl DiMaggio\n', ' Evan Seinfeld\n', ' Adewale Akinnuoye-Agbaje\n', ' Timothy L. Brown\n', ' Sean Dugan\n', ' Zeljko Ivanek\n', ' Steven Wishnoff\n', ' David Zayas\n', ' Anthony Chisholm\n', ' Edie Falco\n', ' J.D. Williams\n']",['Tom Fontana'],['USA'],English,10,8.7
77,Dragon Ball Z,"[' Animation', ' Action', ' Adventure', ' Fantasy', ' Sci-Fi', ' Thriller']",16,277 episodes,"TV Series (1996–2003)
","[' Doc Harris\n', ' Christopher Sabat\n', ' Scott McNeil\n', ' Sean Schemmel\n', ' Terry Klassen\n', ' Brian Drummond\n', ' Sonny Strait\n', ' Stephanie Nadolny\n', ' Don Brown\n', ' Tiffany Vollmer\n', ' Dale Kelly\n', ' Cathy Weseluck\n', ' Jillian Michaels\n', ' Kyle Hebert\n', ' Michael Dobson\n', ' Kirby Morrow\n', ' Ted Cole\n', ' Cynthia Cranz\n', ' Mike McFarland\n', ' Chris Rager\n', ' Lisa Ann Beley\n']",[],"['Japan', 'USA', 'Canada']",English,12,8.7
78,House of Cards,[' Drama'],6,73 episodes,"TV Series (2013–2018)
","[' Robin Wright\n', ' Michael Kelly\n', ' Kevin Spacey\n', ' Justin Doescher\n', ' Derek Cecil\n', ' Jayne Atkinson\n', ' Nathan Darrow\n', ' Mahershala Ali\n', ' Boris McGiver\n']",['Beau Willimon'],['USA'],English,Tous publics,8.7
79,Still Game,[' Comedy'],9,63 episodes,"TV Series (2002–2019)
","[' Ford Kiernan\n', ' Greg Hemphill\n', ' Paul Riley\n', ' Gavin Mitchell\n', ' Mark Cox\n', ' Jane McCarry\n', ' Sanjeev Kohli\n', ' James Martin\n', ' Irene Ann Burt\n', ' Shamshad Akhtar\n']",[],['UK'],English,,8.9
80,Vinland Saga,"[' Animation', ' Action', ' Adventure', ' History']",1,24 episodes,"TV Series (2019)
","[' Naoya Uchida\n', ' Hiroki Yasumoto\n', ' Yûto Uemura\n', ' Kenshô Ono\n', ' Akio Ôtsuka\n', ' Atsushi Ono\n', ' Satoshi Hino\n', ' Takayuki Sugô\n', ' Yôji Ueda\n']",[],['Japan'],Japanese,,8.8
81,Cobra Kai,"[' Action', ' Comedy', ' Drama', ' Sport']",3,2020,"TV Series (2018– )
","[' Xolo Maridueña\n', ' Ralph Macchio\n', ' William Zabka\n', ' Courtney Henggeler\n', ' Tanner Buchanan\n', ' Mary Mouser\n', ' Jacob Bertrand\n', ' Nichole Brown\n', ' Gianni Decenzo\n', ' Owen Morgan\n', ' Hannah Kepple\n', ' Martin Kove\n', ' Cameron Markeles\n', ' Asher Sheets\n', ' Griffin Santopietro\n', ' Aldan Karanovich\n', ' Vanessa Rubio\n', ' Aedin Mincks\n']",[],['USA'],English,16,8.8
82,"I, Claudius","[' Biography', ' Drama', ' History']",1,13 episodes,"TV Mini-Series (1976)
","[' Derek Jacobi\n', ' George Baker\n', ' Margaret Tyzack\n', ' Siân Phillips\n', ' Brian Blessed\n', ' James Faulkner\n']",[],['UK'],German,,8.7
83,Better Call Saul,"[' Crime', ' Drama']",6,2021,"TV Series (2015– )
","[' Bob Odenkirk\n', ' Jonathan Banks\n', ' Rhea Seehorn\n', ' Patrick Fabian\n', ' Michael Mando\n', ' Michael McKean\n', ' Giancarlo Esposito\n']","['Vince Gilligan', 'Peter Gould']",['USA'],Vietnamese,Tous publics avec avertissement,8.7
84,Larry et son nombril,[' Comedy'],10,100 episodes,"TV Series (2000– )
","[' Larry David\n', ' Jeff Garlin\n', ' Cheryl Hines\n', ' Susie Essman\n']",['Larry David'],['USA'],English,10,8.7
85,La fabuleuse Mme Maisel,"[' Comedy', ' Drama']",4,2020,"TV Series (2017– )
","[' Rachel Brosnahan\n', ' Alex Borstein\n', ' Michael Zegen\n', ' Marin Hinkle\n', ' Tony Shalhoub\n', ' Nunzio Pascale\n', ' Matteo Pascale\n', ' Kevin Pollak\n', ' Matilda Szydagis\n', ' Brian Tarantina\n', ' Caroline Aaron\n', ' Joel Johnstone\n', ' Bailey De Young\n', ' Cynthia Darlow\n']",['Amy Sherman-Palladino'],['USA'],English,18,8.7
86,One Strange Rock,[' Documentary'],2,11 episodes,"TV Series (2018– )
","[' Will Smith\n', ' Chris Hadfield\n', ' Jerry Linenger\n', ' Mae C. Jemison\n', ' Nicole Stott\n', ' Leland Melvin\n', ' Michael Massimino\n', ' Jeff Hoffman\n']",[],['USA'],Kazakh,,8.8
87,Fleabag,"[' Comedy', ' Drama']",2,12 episodes,"TV Series (2016–2019)
","[' Phoebe Waller-Bridge\n', ' Sian Clifford\n', ' Olivia Colman\n', ' Jenny Rainsford\n', ' Bill Paterson\n', ' Brett Gelman\n', ' Andrew Scott\n', ' Hugh Skinner\n', ' Ben Aldridge\n']",['Phoebe Waller-Bridge'],['UK'],English,18,8.7
88,Sarabhai vs Sarabhai,[' Comedy'],2,79 episodes,"TV Series (2004–2017)
","[' Satish Shah\n', ' Ratna Pathak Shah\n', ' Sumeet Raghvan\n', ' Rupali Ganguly\n', ' Rajesh Kumar\n', ' Ghanshyam Nayak\n', ' Deven Bhojani\n']",[],['India'],English,,8.9
89,The Boys,"[' Action', ' Comedy', ' Crime', ' Sci-Fi']",3,17 episodes,"TV Series (2019– )
","[' Karl Urban\n', ' Jack Quaid\n', ' Antony Starr\n', ' Erin Moriarty\n', ' Dominique McElligott\n', ' Jessie T. Usher\n', ' Laz Alonso\n', ' Chace Crawford\n', ' Tomer Capon\n', ' Karen Fukuhara\n', ' Nathan Mitchell\n', ' Elisabeth Shue\n', ' Jennifer Esposito\n', ' Colby Minifie\n', ' Cameron Crovetti\n', ' Simon Pegg\n', ' Shaun Benson\n', ' Christian Keyes\n', ' Nneka Elliott\n', ' Alex Hassell\n', ' Shantel VanSanten\n', ' Malcolm Barrett\n', ' Ann Cusack\n', ' Jordana Lajoie\n', ' Brittany Allen\n', ' Jess Salgueiro\n', ' Mishka Thébaud\n', ' Haley Joel Osment\n', ' Billy Zane\n', ' David Andrews\n', ' David Reale\n', ' Laila Robins\n', ' Brendan Beiser\n', ' Nicola Correia-Damude\n', ' John Doman\n', ' Mike Massaro\n', ' Bill Turnbull\n', ' Roger Peterson\n', ' Jim Beaver\n', ' Lovina Yavari\n']","['Eric Kripke', 'Evan Goldberg', 'Seth Rogen']",['USA'],English,16,8.7
90,BoJack Horseman,"[' Animation', ' Comedy', ' Drama']",6,77 episodes,"TV Series (2014–2020)
","[' Will Arnett\n', ' Amy Sedaris\n', ' Alison Brie\n', ' Aaron Paul\n', ' Paul F. Tompkins\n']",['Raphael Bob-Waksberg'],['USA'],English,16,8.7
91,Les aventures de Sherlock Holmes,"[' Crime', ' Drama', ' Mystery']",2,13 episodes,"TV Series (1984–1985)
","[' Jeremy Brett\n', ' David Burke\n', ' Rosalie Williams\n']",['John Hawkesworth'],['UK'],English,,8.7
92,Justice League Unlimited,"[' Animation', ' Action', ' Adventure', ' Fantasy', ' Sci-Fi']",3,39 episodes,"TV Series (2004–2006)
","[' George Newbern\n', ' Kevin Conroy\n', ' Phil LaMarr\n', ' Carl Lumbly\n', ' Susan Eisenberg\n', ' Clancy Brown\n', ' Michael Rosenbaum\n', ' Maria Canals-Barrera\n', ' Kin Shriner\n', ' CCH Pounder\n']",['Jack Kirby'],['USA'],English,,8.7
93,Westworld,"[' Drama', ' Mystery', ' Sci-Fi']",4,29 episodes,"TV Series (2016– )
","[' Thandie Newton\n', ' Jeffrey Wright\n', ' Ed Harris\n', ' Evan Rachel Wood\n', ' Tessa Thompson\n', ' James Marsden\n', ' Luke Hemsworth\n', ' Angela Sarafyan\n', ' Anthony Hopkins\n', ' Simon Quarterman\n', ' Rodrigo Santoro\n', ' Shannon Woodward\n', ' Jimmi Simpson\n', ' Talulah Riley\n', ' Ptolemy Slocum\n', ' Leonardo Nam\n', ' Ingrid Bolsø Berdal\n', ' Ben Barnes\n']","['Lisa Joy', 'Jonathan Nolan']",['USA'],English,10,8.7
94,The Jinx: The Life and Deaths of Robert Durst,"[' Documentary', ' Crime']",1,6 episodes,"TV Mini-Series (2015)
","[' Robert Durst\n', ' Andrew Jarecki\n', ' Gary Napoli\n', ' Debra Kay Anderson\n', ' Dick Deguerin\n', ' Michael Simon Hall\n', ' Kevin J. Hynes\n', ' Jeanine Pirro\n', ' Charles Bagli\n', ' Susan Berman\n']",[],['USA'],English,,8.7
95,The Thick of It,[' Comedy'],4,24 episodes,"TV Series (2005–2012)
","[' Chris Addison\n', ' James Smith\n', ' Peter Capaldi\n', ' Joanna Scanlan\n', ' Rebecca Front\n', ' Roger Allam\n', ' Will Smith\n', ' Olivia Poulet\n', ' Vincent Franklin\n']",[],['UK'],English,,8.7
96,Six pieds sous terre,"[' Comedy', ' Drama']",5,63 episodes,"TV Series (2001–2005)
","[' Peter Krause\n', ' Michael C. Hall\n', ' Frances Conroy\n', ' Lauren Ambrose\n', ' Freddy Rodríguez\n', ' Mathew St. Patrick\n', ' Rachel Griffiths\n', ' Justina Machado\n', ' Jeremy Sisto\n', ' Brenna Tosh\n', ' Bronwyn Tosh\n', ' James Cromwell\n']",['Alan Ball'],['USA'],English,Tous publics,8.7
97,Demon Slayer,"[' Animation', ' Action', ' Fantasy', ' Thriller']",1,27 episodes,"TV Series (2019– )
","[' Natsuki Hanae\n', ' Zach Aguilar\n', ' Abby Trott\n', ' Aleks Le\n', ' Akari Kitô\n', ' Hiro Shimono\n', ' Yoshitsugu Matsuoka\n', ' Bryce Papenbrook\n', ' Doug Erholtz\n', ' Johnny Yong Bosch\n', ' Brook Chalmers\n']",[],['Japan'],Japanese,Tous publics avec avertissement,8.8
98,The Promised Neverland,"[' Animation', ' Fantasy', ' Horror', ' Mystery', ' Sci-Fi', ' Thriller']",2,13 episodes,"TV Series (2019– )
","[' Sumire Morohoshi\n', ' Maaya Uchida\n', ' Mariya Ise\n', ' Shinei Ueki\n', ' Lynn\n', ' Hiyori Kono\n', ' Yuuko Mori\n', ' Yûko Kaida\n', ' Ryan Bartley\n', ' Amber Connor\n', ' Erica Mendez\n', ' Laura Post\n', ' Laura Megan Stahl\n', ' Jeannie Tirado\n', ' Cristina Valenzuela\n', ' Cedric L. Williams\n', ' Yoshino Aoyama\n', ' Koko Hayashi\n', ' Mari Hino\n', ' Philece Sampler\n', ' Erisa Kuon\n', ' Erika Harlacher\n', ' Brianna Knickerbocker\n', ' Dorah Fine\n', ' Nao Fujita\n', ' Michelle Ruff\n', ' Shizuka Ishigami\n', ' Ai Kayano\n', ' Nao Shiraki\n', ' Rebeka Thomas\n', ' Janice Kawaye\n']",[],['Japan'],Japanese,,8.8
99,South Park,"[' Animation', ' Comedy']",24,309 episodes,"TV Series (1997– )
","[' Trey Parker\n', ' Matt Stone\n', ' Mona Marshall\n', ' April Stewart\n', ' Isaac Hayes\n']","['Trey Parker', 'Matt Stone', 'Brian Graden']",['USA'],English,16,8.7
100,Les Simpson,"[' Animation', ' Comedy']",32,684 episodes,"TV Series (1989– )
","[' Dan Castellaneta\n', ' Nancy Cartwright\n', ' Harry Shearer\n', ' Julie Kavner\n', ' Yeardley Smith\n', ' Hank Azaria\n', ' Pamela Hayden\n', ' Tress MacNeille\n']","['James L. Brooks', 'Matt Groening', 'Sam Simon']",['USA'],Czech,Tous publics,8.7
